{"minzoom":0,"maxzoom":9,"center":[85.429687,27.371327,9.0],"bounds":[80.06034,26.348387,88.204319,30.446913]}