{"minzoom":0,"maxzoom":8,"center":[85.078125,27.681753,8.0],"bounds":[80.06034,26.348387,88.204319,30.446913]}